bit_index,bit_name,accuracy,ct_prevalence,py_prevalence
678,ring:hetero_[6]_Z_generic,0.5461504326603062,0.24251164854670512,0.696361215886399
421,chain:alkaneBranch_isopropyl_C3,0.741402263146217,0.11615265143110717,0.37475038828489016
431,chain:alkaneCyclic_ethyl_C2_(connect_noZ),0.7591524295540271,0.17661415575771022,0.41746172620368316
456,chain:alkeneCyclic_ethene_generic,0.8695362769025959,0.10295096516529842,0.17350787663634346
455,chain:alkeneCyclic_ethene_C_(connect_noZ),0.9049256711781672,0.05757710228533393,0.13889505214111383
265,bond:quatN_b-carbonyl,0.9334368759707122,0.0006656312402928778,0.06722875526958065
691,ring:hetero_[6_6]_Z_generic,0.9343243842911028,0.07144441979143555,0.1371200355003328
82,bond:CC(=O)C_ketone_alkene_cyclic_2-en-1-one_generic,0.9396494342134457,0.04759263368094076,0.036276902595961835
75,bond:CC(=O)C_ketone_alkane_cyclic,0.9586199245617928,0.048923896161526516,0.07211005103172842
646,ring:hetero_[5_6]_Z_generic,0.9611715109829154,0.08386953627690259,0.12269802529398713
81,bond:CC(=O)C_ketone_alkene_cyclic_2-en-1-one,0.9664965609052585,0.022964277790104282,0.025848679831373417
453,chain:alkeneCyclic_diene_cyclohexene,0.9700465941868205,0.04426447747947637,0.01497670290658975
465,chain:alkeneLinear_mono-ene_ethylene,0.9718216108276015,0.04126913689815842,0.06944752607055692
36,bond:C(=O)N_carboxamide_generic,0.9719325493676503,0.20601286887064565,0.179720434879077
214,bond:NC=O_aminocarbonyl_generic,0.972709119147992,0.20678943865098734,0.179720434879077
73,bond:CC(=O)C_ketone_aliphatic_acyclic,0.972709119147992,0.04703794098069669,0.07432882183270469
68,bond:C=O_carbonyl_ab-unsaturated_generic,0.9758153982693588,0.06046150432660306,0.036276902595961835
463,chain:alkeneLinear_mono-ene_allyl,0.9773685378300422,0.03705347237630353,0.05968493454626137
109,bond:CN_amine_ter-N_generic,0.9784779232305303,0.13046372309740403,0.14865764366540937
106,bond:CN_amine_ter-N_aliphatic,0.9786998003106279,0.1302418460173064,0.14865764366540937
501,chain:oxy-alkaneLinear_ethyleneOxide_EO10,0.9824717106722876,0.00011093854004881296,0.01763922786776126
494,chain:oxy-alkaneLinear_ethyleneOxide_EO1,0.9826935877523851,0.015864211226980254,0.0014422010206345684
486,chain:aromaticAlkane_Ph-C1_cyclic,0.9826935877523851,0.10761038384734857,0.09030397159973375
656,ring:hetero_[6]_N_pyrimidine,0.9849123585533615,0.019303305968493455,0.03439094741513202
79,bond:CC(=O)C_ketone_alkene_cyclic_(C6),0.9867983137341912,0.014532948746394497,0.0013312624805857556
86,bond:CC(=O)C_ketone_generic,0.9876858220545818,0.10472598180607944,0.0924118038606612
495,chain:oxy-alkaneLinear_ethylenOxide_EO1(O),0.9877967605946306,0.01164854670512536,0.0005546927002440647
93,bond:CN_amine_aliphatic_generic,0.988129576214777,0.2080097625915243,0.21988018637674728
215,bond:NC=O_urea_generic,0.9883514532948746,0.029398713112935435,0.01775016640781007
84,bond:CC(=O)C_ketone_alkene_generic,0.9883514532948746,0.04160195251830486,0.0299534058131795
502,chain:oxy-alkaneLinear_ethyleneOxide_EO12,0.9884623918349235,0.00011093854004881296,0.01164854670512536
276,bond:S(=O)O_sulfonicAcid_anion,0.9891280230752163,0.0009984468604393166,0.011870423785222987
435,chain:alkaneCyclic_hexyl_C6,0.9900155313956068,0.0754382072331928,0.08542267583758598
85,bond:CC(=O)C_ketone_aromatic_aliphatic,0.9903483470157532,0.04581761704015975,0.03638784113601065
34,bond:C(=O)N_carboxamide_(NHR),0.9909030397159974,0.09429775904149101,0.08542267583758598
493,chain:aromaticAlkene_Ph-C2_cyclic,0.9913467938761926,0.015864211226980254,0.007211005103172842
59,bond:C=N_imine_oxy,0.9915686709562902,0.0,0.008431329043709785
97,bond:CN_amine_aromatic_generic,0.991679609496339,0.12380741069447526,0.12524961171510982
654,ring:hetero_[6]_N_pyridine,0.9917905480363879,0.05358331484357666,0.061792766807188815
688,ring:hetero_[6_6]_O_benzopyran,0.9923452407366319,0.012536055025515865,0.00488129576214777
200,bond:N=[N+]=[N-]_azide_generic,0.9926780563567783,0.0003328156201464389,0.007654759263368094
83,bond:CC(=O)C_ketone_alkene_cyclic_3-en-1-one,0.9930108719769248,0.004326603061903705,0.00488129576214777
67,bond:C=O_carbonyl_ab-unsaturated_aliphatic_(michael_acceptors),0.9931218105169736,0.022520523629909032,0.01564233414688263
35,bond:C(=O)N_carboxamide_(NR2),0.99345462613712,0.06112713556689594,0.05458176170401598
496,chain:oxy-alkaneLinear_ethyleneOxide_EO2,0.9944530729975594,0.005325049922343022,0.00022187708009762592
42,bond:C(=O)O_carboxylicAcid_aromatic,0.9944530729975594,0.026736188151763922,0.032283115154204574
40,bond:C(=O)O_carboxylicAcid_alkenyl,0.9945640115376082,0.022742400710006657,0.01730641224761482
115,bond:COC_ether_alkenyl,0.9945640115376082,0.010650099844686045,0.005214111382294209
55,bond:C=N_carboxamidine_generic,0.9947858886177058,0.012979809185711117,0.007765697803416907
503,chain:oxy-alkaneLinear_ethyleneOxide_EO14,0.9947858886177058,0.00011093854004881296,0.005325049922343022
685,ring:hetero_[6_6]_N_quinoline,0.9948968271577546,0.009873530064344353,0.01497670290658975
434,chain:alkaneCyclic_pentyl_C5,0.995229642777901,0.04382072331928112,0.048591080541380074
642,ring:hetero_[5_6]_N_purine,0.995229642777901,0.0037719103616596404,0.008542267583758598
663,ring:hetero_[6]_N_triazine_generic,0.9953405813179499,0.014311071666296872,0.009651652984246728
100,bond:CN_amine_pri-NH2_aromatic,0.9953405813179499,0.05768804082538274,0.06234745950743288
47,bond:C(=O)O_carboxylicEster_alkenyl,0.9955624583980475,0.029176836032837807,0.02473929443088529
454,chain:alkeneCyclic_diene_cyclopentadiene,0.9962280896383403,0.004437541601952518,0.0006656312402928778
689,ring:hetero_[6_6]_O_benzopyrone_(1_2-),0.9963390281783892,0.0037719103616596404,0.00011093854004881296
114,bond:COC_ether_aliphatic__aromatic,0.9963390281783892,0.13112935433769693,0.12924339915686708
531,group:aminoAcid_proline,0.996449966718438,0.0036609718216108274,0.00011093854004881296
141,bond:CX_halide_alkenyl-X_generic,0.996449966718438,0.01464388728644331,0.011093854004881295
582,group:nucleobase_uracil,0.9966718437985356,0.0033281562014643887,0.0
690,ring:hetero_[6_6]_O_benzopyrone_(1_4-),0.9966718437985356,0.0038828489017084535,0.0005546927002440647
101,bond:CN_amine_pri-NH2_generic,0.9966718437985356,0.1010650099844686,0.10439316618593299
184,bond:CX_halide_aromatic-X_generic,0.9966718437985356,0.13933880630130907,0.14266696250277347
120,bond:COH_alcohol_alkene_cyclic,0.9967827823385844,0.007765697803416907,0.005435988462391835
134,bond:CS_sulfide,0.9967827823385844,0.06467716884845795,0.06145995118704238
92,bond:CN_amine_alicyclic_generic,0.9968937208786333,0.09951187042378522,0.09640559130241846
74,bond:CC(=O)C_ketone_aliphatic_generic,0.9970046594186821,0.061792766807188815,0.05879742622587087
635,ring:hetero_[5_5]_Z_generic,0.9971155979587308,0.006545373862879965,0.0094297759041491
497,chain:oxy-alkaneLinear_ethyleneOxide_EO3,0.9972265364987797,0.002773463501220324,0.0
569,group:ligand_path_5_bidentate_diformamide,0.9972265364987797,0.002773463501220324,0.0
118,bond:COH_alcohol_alkene,0.9972265364987797,0.008209451963612158,0.005435988462391835
584,group:nucleobase_xanthine_purine-2_6-dione,0.9972265364987797,0.002773463501220324,0.0
504,chain:oxy-alkaneLinear_ethyleneOxide_EO16,0.9973374750388285,0.00011093854004881296,0.002773463501220324
268,bond:quatP_phosphonium,0.9973374750388285,0.0018859551808298202,0.004548480142001331
56,bond:C=N_guanidine_generic,0.9973374750388285,0.011204792544930108,0.008542267583758598
198,bond:N[!C]_amino,0.9974484135788773,0.01608608830707788,0.018637674728200576
107,bond:CN_amine_ter-N_aromatic,0.9974484135788773,0.03461282449522964,0.03450188595518083
124,bond:COH_alcohol_benzyl,0.9975593521189261,0.019414244508542268,0.021854892389616153
122,bond:COH_alcohol_aromatic,0.997670290658975,0.09041491013978256,0.09274461948080763
657,ring:hetero_[6]_N_pyrimidine_2_4-dione,0.9977812291990238,0.006878189483026403,0.009096960284002663
609,ring:hetero_[5]_N_imidazole,0.9977812291990238,0.03649877967605946,0.03871755047703572
592,ring:fused_[6_6]_tetralin,0.9980031062791214,0.012092300865320612,0.014089194586199246
16,bond:C(~Z)~C~Q_a-halocarbonyl,0.9980031062791214,0.013201686265808742,0.011204792544930108
662,ring:hetero_[6]_N_triazine_(1_3_5-),0.9981140448191702,0.005103172842245396,0.006989128023075216
610,ring:hetero_[5]_N_pyrazole,0.9981140448191702,0.005879742622587086,0.007765697803416907
507,chain:oxy-alkaneBranch_propyleneoxide_PO1,0.9982249833592189,0.0014422010206345684,0.0003328156201464389
223,bond:NN_hydrazine_alkyl_N(connect_Z=1),0.9982249833592189,0.006434435322831151,0.004659418682050144
216,bond:NC=O_urea_thio,0.9982249833592189,0.005103172842245396,0.0033281562014643887
637,ring:hetero_[5_6]_N_benzimidazole,0.9983359218992678,0.006212558242733526,0.00787663634346572
105,bond:CN_amine_sec-NH_generic,0.9983359218992678,0.07122254271133792,0.07044597293099623
428,chain:alkaneBranch_isononyl_heptyl_2_5-methyl,0.9983359218992678,0.0035500332815620148,0.0018859551808298202
521,group:aminoAcid_cysteine,0.9983359218992678,0.0014422010206345684,0.003106279121366763
227,bond:OZ_oxide_hyroxy,0.9983359218992678,0.036165964055913026,0.03783004215664522
578,group:nucleobase_cytosine,0.9984468604393166,0.0015531395606833815,0.0
103,bond:CN_amine_sec-NH_aromatic,0.9984468604393166,0.02473929443088529,0.024961171510982916
653,ring:hetero_[6]_N_pyridazine,0.9984468604393166,0.0017750166407810074,0.0033281562014643887
473,chain:aromaticAlkane_Ar-C-Ar,0.9985577989793655,0.03705347237630353,0.038495673396938095
684,ring:hetero_[6_6]_N_quinazoline,0.9985577989793655,0.0018859551808298202,0.0033281562014643887
583,group:nucleobase_hypoxanthine,0.9986687375194142,0.0013312624805857556,0.0
498,chain:oxy-alkaneLinear_ethyleneOxide_EO4,0.9986687375194142,0.0013312624805857556,0.0
108,bond:CN_amine_ter-N_aromatic_aliphatic,0.998779676059463,0.026514311071666297,0.02773463501220324
647,ring:hetero_[5_7]_Z_generic,0.998779676059463,0.005103172842245396,0.006323496782782339
505,chain:oxy-alkaneLinear_ethyleneOxide_EO18,0.998779676059463,0.00011093854004881296,0.0013312624805857556
616,ring:hetero_[5]_N_triazole_(1_2_4-),0.998779676059463,0.0071000665631240295,0.008320390503660971
133,bond:CS_sulfide_dialkyl,0.998779676059463,0.03727534945640115,0.036720656756157086
581,group:nucleobase_thymine,0.998779676059463,0.0012203239405369425,0.0
661,ring:hetero_[6]_N_triazine_(1_2_4-),0.9988906145995119,0.00022187708009762592,0.0013312624805857556
58,bond:C=N_imine_N(connect_noZ),0.9988906145995119,0.009096960284002663,0.007987574883514533
32,bond:C(=O)N_carbamate,0.9988906145995119,0.01763922786776126,0.01652984246727313
579,group:nucleobase_guanine,0.9990015531395607,0.0009984468604393166,0.0
424,chain:alkaneBranch_isohexyl_pentyl_3-methyl,0.9990015531395607,0.01009540714444198,0.009096960284002663
266,bond:quatN_generic,0.9990015531395607,0.02285333925005547,0.023851786110494787
104,bond:CN_amine_sec-NH_aromatic_aliphatic,0.9991124916796095,0.014532948746394497,0.015420457066785001
620,ring:hetero_[5]_N_S_isothiazole,0.9991124916796095,0.00044375416019525185,0.0013312624805857556
619,ring:hetero_[5]_N_O_oxazole,0.9992234302196583,0.0014422010206345684,0.002218770800976259
224,bond:NN=N_triazene,0.9992234302196583,0.0012203239405369425,0.00044375416019525185
622,ring:hetero_[5]_N_S_thiazole,0.9992234302196583,0.013645440426003994,0.014422010206345684
555,group:ligand_path_4_bidentate_bipyridyl,0.9993343687597072,0.0003328156201464389,0.0009984468604393166
686,ring:hetero_[6_6]_N_quinoxaline,0.9993343687597072,0.0013312624805857556,0.0019968937208786333
110,bond:CNO_amineOxide_aromatic,0.9993343687597072,0.0012203239405369425,0.0018859551808298202
508,chain:oxy-alkaneBranch_propyleneoxide_PO2,0.9993343687597072,0.0005546927002440647,0.00011093854004881296
199,bond:N=[N+]=[N-]_azide_aromatic,0.9993343687597072,0.00011093854004881296,0.0007765697803416907
652,ring:hetero_[6]_N_pyrazine,0.9993343687597072,0.00488129576214777,0.005546927002440648
57,bond:C=N_imine_C(connect_H_gt_0),0.9993343687597072,0.005546927002440648,0.00488129576214777
49,bond:C(=O)O_carboxylicEster_aromatic,0.9993343687597072,0.03516751719547371,0.035389394275571334
31,bond:C(=O)N_carbamate_thio_generic,0.9994453072997559,0.002551586421122698,0.0019968937208786333
651,ring:hetero_[6]_N_piperidine,0.9994453072997559,0.04925671178167295,0.04981140448191702
643,ring:hetero_[5_6]_N_S_benzothiazole_(1_3-),0.9994453072997559,0.0038828489017084535,0.004437541601952518
121,bond:COH_alcohol_allyl,0.9994453072997559,0.012868870645662302,0.012314177945418238
90,bond:CC(=O)C_quinone_1_4-benzo,0.9994453072997559,0.006878189483026403,0.006989128023075216
457,chain:alkeneCyclic_triene_tropilidine,0.9994453072997559,0.0009984468604393166,0.00044375416019525185
461,chain:alkeneLinear_diene_linoleic_(C18),0.9995562458398047,0.00044375416019525185,0.0
11,bond:C#N_nitrile_ab-unsaturated,0.9995562458398047,0.0032172176614155756,0.002773463501220324
588,ring:fused_[5_6]_indane,0.9995562458398047,0.004437541601952518,0.00488129576214777
37,bond:C(=O)N_carboxamide_thio,0.9995562458398047,0.0013312624805857556,0.0008875083203905037
660,ring:hetero_[6]_N_triazine_(1_2_3-),0.9995562458398047,0.0,0.00044375416019525185
621,ring:hetero_[5]_N_S_thiadiazole_(1_3_4-),0.9995562458398047,0.0011093854004881295,0.0015531395606833815
573,group:ligand_path_5_macrocycle,0.9995562458398047,0.00044375416019525185,0.0
65,bond:C=O_carbonyl_1_2-di,0.9995562458398047,0.007432882183270468,0.006989128023075216
80,bond:CC(=O)C_ketone_alkene_cyclic_(C7),0.9995562458398047,0.00044375416019525185,0.0
91,bond:CC(=O)C_quinone_1_4-naphtho,0.9996671843798536,0.005435988462391835,0.005325049922343022
89,bond:CC(=O)C_quinone_1_2-naphtho,0.9996671843798536,0.0003328156201464389,0.0
500,chain:oxy-alkaneLinear_ethyleneOxide_EO8,0.9996671843798536,0.0003328156201464389,0.0
88,bond:CC(=O)C_quinone_1_2-benzo,0.9996671843798536,0.00044375416019525185,0.00011093854004881296
218,bond:NN_hydrazine_alkyl_generic,0.9996671843798536,0.0009984468604393166,0.0006656312402928778
709,ring:polycycle_bicyclo_[2.2.2]octatriene,0.9996671843798536,0.0,0.0003328156201464389
188,bond:CX_halide_aromatic-X_halo_phenol_para,0.9996671843798536,0.020856445529176836,0.020523629909030398
469,chain:alkeneLinear_triene_linolenic_(C18),0.9996671843798536,0.0003328156201464389,0.0
499,chain:oxy-alkaneLinear_ethyleneOxide_EO6,0.9996671843798536,0.0003328156201464389,0.0
509,chain:oxy-alkaneBranch_propyleneoxide_PO3,0.9996671843798536,0.00022187708009762592,0.00011093854004881296
140,bond:CX_halide_alkenyl-X_dihalo_(1_2-),0.9996671843798536,0.00488129576214777,0.004548480142001331
160,bond:CX_halide_alkyl-X_dihalo_(1_3),0.9996671843798536,0.025626802751275792,0.025293987131129354
650,ring:hetero_[6]_N_piperazine,0.9997781229199024,0.02130019968937209,0.021522076769469715
595,ring:fused_PAH_anthracene,0.9997781229199024,0.002551586421122698,0.002773463501220324
585,ring:aromatic_benzene,0.9997781229199024,0.5431550920789883,0.5433769691590858
590,ring:fused_[5_7]_azulene,0.9997781229199024,0.00022187708009762592,0.0
591,ring:fused_[6_6]_naphthalene,0.9997781229199024,0.02362990903039716,0.023851786110494787
132,bond:CS_sulfide_di-,0.9997781229199024,0.005435988462391835,0.005214111382294209
586,ring:aromatic_biphenyl,0.9997781229199024,0.013201686265808742,0.012979809185711117
618,ring:hetero_[5]_N_O_isoxazole,0.9997781229199024,0.0036609718216108274,0.0038828489017084535
614,ring:hetero_[5]_N_tetrazole,0.9997781229199024,0.004215664521854893,0.004437541601952518
39,bond:C(=O)O_acidAnhydride,0.9997781229199024,0.0033281562014643887,0.003106279121366763
677,ring:hetero_[6]_Z_1_4-,0.9997781229199024,0.04493010871976925,0.04515198579986687
29,bond:C(=O)N_carbamate_dithio,0.9997781229199024,0.0033281562014643887,0.003106279121366763
20,bond:C(~Z)~C~Q_haloamine_haloethyl_(N-mustard),0.9997781229199024,0.0017750166407810074,0.0019968937208786333
692,ring:hetero_[6_6_6]_N_acridine,0.9997781229199024,0.0006656312402928778,0.0008875083203905037
452,chain:alkeneCyclic_diene_1_5-cyclooctadiene,0.9997781229199024,0.00022187708009762592,0.0
204,bond:N=N_azo_aliphatic_acyclic,0.9997781229199024,0.0005546927002440647,0.0003328156201464389
186,bond:CX_halide_aromatic-X_halo_phenol_meta,0.9997781229199024,0.00976259152429554,0.009540714444197915
506,chain:oxy-alkaneLinear_ethyleneOxide_EO20,0.9997781229199024,0.00011093854004881296,0.0003328156201464389
451,chain:alkeneCyclic_diene_1_3-cyclohexadiene_C6,0.9997781229199024,0.0008875083203905037,0.0006656312402928778
129,bond:COH_alcohol_pri-alkyl,0.9998890614599512,0.07477257599289994,0.07488351453294875
589,ring:fused_[5_6]_indene,0.9998890614599512,0.0005546927002440647,0.0006656312402928778
128,bond:COH_alcohol_generic,0.9998890614599512,0.25327268693144,0.2533836254714888
696,ring:hetero_[6_6_6]_O_benzopyran_dibenzo[b_e],0.9998890614599512,0.0012203239405369425,0.0011093854004881295
695,ring:hetero_[6_6_6]_O_benzopyran_dibenzo[b_d],0.9998890614599512,0.00022187708009762592,0.00011093854004881296
682,ring:hetero_[6_6]_N_pteridine,0.9998890614599512,0.00044375416019525185,0.0005546927002440647
117,bond:COH_alcohol_aliphatic_generic,0.9998890614599512,0.1756157088972709,0.17572664743731972
593,ring:fused_PAH_acenaphthylene,0.9998890614599512,0.0011093854004881295,0.0012203239405369425
598,ring:fused_PAH_fluorene,0.9998890614599512,0.0018859551808298202,0.0017750166407810074
599,ring:fused_PAH_phenanthrene,0.9998890614599512,0.0034390947415132017,0.0035500332815620148
600,ring:fused_PAH_pyrene,0.9998890614599512,0.0011093854004881295,0.0012203239405369425
116,bond:COC_ether_aromatic,0.9998890614599512,0.013312624805857555,0.013201686265808742
94,bond:CN_amine_alkyl_ethanolamine,0.9998890614599512,0.010761038384734857,0.01087197692478367
102,bond:CN_amine_sec-NH_alkyl,0.9998890614599512,0.05813179498557799,0.058242733525626804
624,ring:hetero_[5]_O_furan,0.9998890614599512,0.00976259152429554,0.009873530064344353
70,bond:C=O_carbonyl_generic,0.9998890614599512,0.536165964055913,0.5362769025959618
64,bond:C=O_aldehyde_generic,0.9998890614599512,0.017528289327712446,0.017417350787663634
638,ring:hetero_[5_6]_N_indazole,0.9998890614599512,0.0009984468604393166,0.0011093854004881295
611,ring:hetero_[5]_N_pyrrole,0.9998890614599512,0.02063456844907921,0.020745506989128023
436,chain:alkaneLinear_ethyl_C2(H_gt_1),0.9998890614599512,0.37863323718659864,0.3787441757266474
433,chain:alkaneCyclic_butyl_C4,0.9998890614599512,0.002329709341025072,0.002440647881073885
476,chain:aromaticAlkane_Ph-C1_acyclic_generic,0.9998890614599512,0.31750610161970266,0.3176170401597515
475,chain:aromaticAlkane_Ph-C1_acyclic_connect_noDblBd,0.9998890614599512,0.2149988906145995,0.21510982915464832
182,bond:CX_halide_aromatic-X_ether_aromatic_(Ph-O-Ph),0.9998890614599512,0.012979809185711117,0.012868870645662302
474,chain:aromaticAlkane_Ph-C1_acyclic_connect_H_gt_1,0.9998890614599512,0.15120923008653206,0.15132016862658088
153,bond:CX_halide_alkyl-X_aromatic_generic,0.9998890614599512,0.0032172176614155756,0.0033281562014643887
152,bond:CX_halide_alkyl-X_aromatic_alkane,0.9998890614599512,0.0032172176614155756,0.0033281562014643887
512,chain:oxy-alkaneBranch_propyleneoxide_PO8,0.9998890614599512,0.0,0.00011093854004881296
513,chain:oxy-alkaneBranch_propyleneoxide_PO10,0.9998890614599512,0.0,0.00011093854004881296
572,group:ligand_path_5_bidentate_propanolamine,0.9998890614599512,0.0039937874417572666,0.0038828489017084535
554,group:ligand_path_4_bidentate_aminoethanol,0.9998890614599512,0.05790991790548036,0.05802085644552918
510,chain:oxy-alkaneBranch_propyleneoxide_PO4,0.9998890614599512,0.0,0.00011093854004881296
511,chain:oxy-alkaneBranch_propyleneoxide_PO6,0.9998890614599512,0.0,0.00011093854004881296
173,bond:CX_halide_aromatic-Cl_dichloro_pyridine_(1_2-),0.9998890614599512,0.0013312624805857556,0.0014422010206345684
175,bond:CX_halide_aromatic-Cl_dichloro_pyridine_(1_4-),0.9998890614599512,0.0014422010206345684,0.0015531395606833815
292,bond:S=O_sulfonyl_generic,0.9998890614599512,0.08453516751719548,0.08442422897714666
222,bond:NN_hydrazine_alkyl_HH2,0.9998890614599512,0.0007765697803416907,0.0008875083203905037
272,bond:S(=O)N_sulfonamide,0.9998890614599512,0.030951852673618815,0.031062791213667628
217,bond:NN_hydrazine_acyclic_(connect_noZ),0.9998890614599512,0.01009540714444198,0.010206345684490793
255,bond:PO_phosphine_oxy_generic,0.9998890614599512,0.0013312624805857556,0.0012203239405369425
225,bond:NO_amine_hyrdroxyl,0.9998890614599512,0.005103172842245396,0.005214111382294209
15,bond:C(~Z)~C~Q_a-haloalcohol,0.9998890614599512,0.009984468604393166,0.009873530064344353
719,ring:polycycle_bicyclo_propene,1.0,0.0,0.0
718,ring:polycycle_bicyclo_[5.4.1]dodecane,1.0,0.0,0.0
717,ring:polycycle_bicyclo_[5.1.0]octadiene,1.0,0.00011093854004881296,0.00011093854004881296
716,ring:polycycle_bicyclo_[4.4.1]undecane,1.0,0.00011093854004881296,0.00011093854004881296
715,ring:polycycle_bicyclo_[4.3.1]decane,1.0,0.00022187708009762592,0.00022187708009762592
714,ring:polycycle_bicyclo_[4.2.0]octadiene,1.0,0.0,0.0
713,ring:polycycle_bicyclo_[3.3.2]decane,1.0,0.00022187708009762592,0.00022187708009762592
712,ring:polycycle_bicyclo_[3.3.1]nonane,1.0,0.0007765697803416907,0.0007765697803416907
711,ring:polycycle_bicyclo_[3.2.2]nonane,1.0,0.00022187708009762592,0.00022187708009762592
710,ring:polycycle_bicyclo_[3.2.1]octane,1.0,0.0008875083203905037,0.0008875083203905037
708,ring:polycycle_bicyclo_[2.2.2]octane,1.0,0.00011093854004881296,0.00011093854004881296
707,ring:polycycle_bicyclo_[2.1.1]hexane_5-oxabicyclo,1.0,0.0,0.0
706,ring:polycycle_bicyclo_[2.1.1]hexane,1.0,0.0,0.0
705,ring:polycycle_bicyclo_[2.1.1]heptane,1.0,0.004437541601952518,0.004437541601952518
704,ring:hetero_[7]_O_oxepin,1.0,0.0032172176614155756,0.0032172176614155756
14,bond:C#N_nitrile,1.0,0.02329709341025072,0.02329709341025072
13,bond:C#N_nitrile_isonitrile,1.0,0.0,0.0
12,bond:C#N_nitrile_generic,1.0,0.026070556911471046,0.026070556911471046
10,bond:C#N_nitrile_ab-acetylenic,1.0,0.0,0.0
9,bond:C#N_cyano_cyanohydrin,1.0,0.00044375416019525185,0.00044375416019525185
8,bond:C#N_cyano_cyanamide,1.0,0.0015531395606833815,0.0015531395606833815
7,bond:C#N_cyano_acylcyanide,1.0,0.0,0.0
6,atom:element_noble_gas,1.0,0.0,0.0
5,atom:element_metal_transistion_metal,1.0,0.01164854670512536,0.01164854670512536
4,atom:element_metal_poor_metal,1.0,0.005103172842245396,0.005103172842245396
3,atom:element_metal_metalloid,1.0,0.014754825826492124,0.014754825826492124
2,atom:element_metal_group_III,1.0,0.0011093854004881295,0.0011093854004881295
1,atom:element_metal_group_I_II,1.0,0.05036609718216108,0.05036609718216108
720,ring:polycycle_spiro_[2.2]pentane,1.0,0.0,0.0
254,bond:PO_phosphine_oxy,1.0,0.0,0.0
253,bond:PC_phosphorus_organo_generic,1.0,0.009318837364100288,0.009318837364100288
252,bond:PC_phosphine_organo_generic,1.0,0.0003328156201464389,0.0003328156201464389
251,bond:P=O_phosphorus_oxo,1.0,0.022076769469713778,0.022076769469713778
250,bond:P=O_phosphonate,1.0,0.005103172842245396,0.005103172842245396
249,bond:P=O_phosphonate_thio_phosphonotrithioate,1.0,0.0,0.0
248,bond:P=O_phosphonate_thio_O_S-dimethyl_methylphosphonothioate,1.0,0.0,0.0
247,bond:P=O_phosphonate_thio_acid,1.0,0.0,0.0
246,bond:P=O_phosphonate_thio_dimethyl_methylphosphonothionate,1.0,0.00022187708009762592,0.00022187708009762592
245,bond:P=O_phosphonate_ester,1.0,0.00022187708009762592,0.00022187708009762592
244,bond:P=O_phosphonate_cyano,1.0,0.0,0.0
243,bond:P=O_phosphonate_alkyl_ester,1.0,0.0016640781007321943,0.0016640781007321943
242,bond:P=O_phosphonate_aliphatic_ester,1.0,0.0018859551808298202,0.0018859551808298202
241,bond:P=O_phosphonate_acid,1.0,0.0032172176614155756,0.0032172176614155756
240,bond:P=O_phosphate,1.0,0.01164854670512536,0.01164854670512536
239,bond:P=O_phosphate_trithio_phosphorothioate,1.0,0.00011093854004881296,0.00011093854004881296
238,bond:P=O_phosphate_thioate,1.0,0.0035500332815620148,0.0035500332815620148
237,bond:P=O_phosphate_thio,1.0,0.0013312624805857556,0.0013312624805857556
236,bond:P=O_phosphate_dithio,1.0,0.00299534058131795,0.00299534058131795
235,bond:P=O_phosphate_alkyl_ester,1.0,0.008431329043709785,0.008431329043709785
234,bond:P=C_phosphorane_generic,1.0,0.0,0.0
233,bond:P(=O)N_phosphoramide_phosphotriamide,1.0,0.0003328156201464389,0.0003328156201464389
232,bond:P(=O)N_phosphoramide_monoamidophosphate,1.0,0.0003328156201464389,0.0003328156201464389
231,bond:P(=O)N_phosphoramide_diamidophosphate,1.0,0.00044375416019525185,0.00044375416019525185
230,bond:P(=O)N_phosphonamide,1.0,0.0,0.0
229,bond:OZ_oxide,1.0,0.00044375416019525185,0.00044375416019525185
228,bond:OZ_oxide_peroxy,1.0,0.002218770800976259,0.002218770800976259
226,bond:NO_amino_oxy_generic,1.0,0.00865320612380741,0.00865320612380741
271,bond:S(=O)N_sulfonamide_ab-unsaturated,1.0,0.0003328156201464389,0.0003328156201464389
270,bond:S(=O)N_sulfonamide_ab-acetylenic,1.0,0.0,0.0
269,bond:quatS,1.0,0.0006656312402928778,0.0006656312402928778
267,bond:quatN_trimethyl_alkyl_acyclic,1.0,0.005546927002440648,0.005546927002440648
264,bond:quatN_ammonium_inorganic,1.0,0.002662524961171511,0.002662524961171511
263,bond:quatN_alkyl_acyclic,1.0,0.010982915464832483,0.010982915464832483
262,bond:QQ(Q~O_S)_sulfur_oxide,1.0,0.01497670290658975,0.01497670290658975
261,bond:QQ(Q~O_S)_sulfide_di-,1.0,0.0006656312402928778,0.0006656312402928778
260,bond:QQ(Q~O_S)_sulfhydride,1.0,0.00787663634346572,0.00787663634346572
259,bond:P~S_generic,1.0,0.009873530064344353,0.009873530064344353
258,bond:P~N_generic,1.0,0.002329709341025072,0.002329709341025072
257,bond:PO_phosphite,1.0,0.0007765697803416907,0.0007765697803416907
256,bond:PO_phosphite_generic,1.0,0.0007765697803416907,0.0007765697803416907
287,bond:S(=O)X_sulfonylhalide_fluoride,1.0,0.0003328156201464389,0.0003328156201464389
286,bond:S(=O)O_sulfuricAcid_generic,1.0,0.011870423785222987,0.011870423785222987
285,bond:S(=O)O_sulfonyl_triflate,1.0,0.002551586421122698,0.002551586421122698
284,bond:S(=O)O_sulfonicEster_cyclic_S-(any_in_ring),1.0,0.0016640781007321943,0.0016640781007321943
283,bond:S(=O)O_sulfonicEster_alkyl_S-C,1.0,0.0021078322609274463,0.0021078322609274463
282,bond:S(=O)O_sulfonicEster_alkyl_O-C_(H=0),1.0,0.0015531395606833815,0.0015531395606833815
281,bond:S(=O)O_sulfonicEster_aliphatic_(S-C),1.0,0.003106279121366763,0.003106279121366763
280,bond:S(=O)O_sulfonicEster_acyclic_S-C_(chain),1.0,0.0014422010206345684,0.0014422010206345684
279,bond:S(=O)O_sulfonicEster_acyclic_(S-C(ring)),1.0,0.002773463501220324,0.002773463501220324
278,bond:S(=O)O_sulfonicAcid_generic,1.0,0.028400266252496118,0.028400266252496118
277,bond:S(=O)O_sulfonicAcid_cyclic_(ring),1.0,0.016640781007321942,0.016640781007321942
275,bond:S(=O)O_sulfonicAcid_acyclic_(chain),1.0,0.011759485245174173,0.011759485245174173
274,bond:S(=O)O_sulfonate,1.0,0.031062791213667628,0.031062791213667628
273,bond:S(=O)N_sulfonylamide,1.0,0.03305968493454626,0.03305968493454626
303,bond:X~Z_halide-[N_P]_heteroatom,1.0,0.005103172842245396,0.005103172842245396
302,bond:X[any_!C]_halide_inorganic,1.0,0.06745063234967828,0.06745063234967828
301,bond:X[any]_halide,1.0,0.30829820279565123,0.30829820279565123
300,bond:Se~Q_selenohalide,1.0,0.0,0.0
299,bond:Se~Q_selenocarbon,1.0,0.00044375416019525185,0.00044375416019525185
298,bond:Se~Q_selenium_thioxo,1.0,0.0,0.0
297,bond:Se~Q_selenium_thio,1.0,0.0,0.0
296,bond:Se~Q_selenium_oxo,1.0,0.0003328156201464389,0.0003328156201464389
295,bond:S~N_generic,1.0,0.03694253383625472,0.03694253383625472
294,bond:S=O_sulfoxide,1.0,0.0032172176614155756,0.0032172176614155756
293,bond:S=O_sulfonyl_S_(connect_Z=2),1.0,0.007654759263368094,0.007654759263368094
291,bond:S=O_sulfonyl_cyanide,1.0,0.0,0.0
290,bond:S=O_sulfonyl_a_b-unsaturated,1.0,0.00022187708009762592,0.00022187708009762592
289,bond:S=O_sulfonyl_a_b-acetylenic,1.0,0.0,0.0
288,bond:S(=O)X_sulfonylhalide,1.0,0.0013312624805857556,0.0013312624805857556
319,bond:metal_group_III_other_Bi_oxo,1.0,0.00044375416019525185,0.00044375416019525185
318,bond:metal_group_III_other_Bi_organo,1.0,0.00022187708009762592,0.00022187708009762592
317,bond:metal_group_III_other_Bi_halide,1.0,0.00011093854004881296,0.00011093854004881296
316,bond:metal_group_III_other_Bi_generic,1.0,0.0006656312402928778,0.0006656312402928778
315,bond:metal_group_III_other_Al_oxy,1.0,0.0003328156201464389,0.0003328156201464389
314,bond:metal_group_III_other_Al_oxo,1.0,0.0,0.0
313,bond:metal_group_III_other_Al_organo,1.0,0.00011093854004881296,0.00011093854004881296
312,bond:metal_group_III_other_Al_halide,1.0,0.0,0.0
311,bond:metal_group_III_other_Al_generic,1.0,0.00044375416019525185,0.00044375416019525185
310,bond:metal_group_I_II_oxy,1.0,0.0,0.0
309,bond:metal_group_I_II_oxo,1.0,0.0,0.0
308,bond:metal_group_I_II_Ca_oxy_oxo,1.0,0.0,0.0
307,bond:X~Z_halide_oxo,1.0,0.0,0.0
306,bond:X~Z_halide-[O_S]_heteroatom,1.0,0.002440647881073885,0.002440647881073885
305,bond:X~Z_halide-[N_P]_heteroatom_N_generic,1.0,0.0012203239405369425,0.0012203239405369425
304,bond:X~Z_halide-[N_P]_heteroatom_N,1.0,0.0013312624805857556,0.0013312624805857556
335,bond:metal_group_III_other_Pb_sulfide,1.0,0.0,0.0
334,bond:metal_group_III_other_Pb_oxy,1.0,0.00011093854004881296,0.00011093854004881296
333,bond:metal_group_III_other_Pb_oxo,1.0,0.0,0.0
332,bond:metal_group_III_other_Pb_organo,1.0,0.00011093854004881296,0.00011093854004881296
331,bond:metal_group_III_other_Pb_halide,1.0,0.0,0.0
330,bond:metal_group_III_other_Pb_generic,1.0,0.00011093854004881296,0.00011093854004881296
329,bond:metal_group_III_other_In_phosphide_arsenide,1.0,0.00022187708009762592,0.00022187708009762592
328,bond:metal_group_III_other_In_oxy,1.0,0.0,0.0
327,bond:metal_group_III_other_In_halide,1.0,0.00022187708009762592,0.00022187708009762592
326,bond:metal_group_III_other_In_generic,1.0,0.00044375416019525185,0.00044375416019525185
325,bond:metal_group_III_other_generic_oxy,1.0,0.0015531395606833815,0.0015531395606833815
324,bond:metal_group_III_other_generic_oxo,1.0,0.00044375416019525185,0.00044375416019525185
323,bond:metal_group_III_other_generic,1.0,0.0039937874417572666,0.0039937874417572666
322,bond:metal_group_III_other_Bi_sulfide(II),1.0,0.0,0.0
321,bond:metal_group_III_other_Bi_sulfide,1.0,0.0,0.0
320,bond:metal_group_III_other_Bi_oxy,1.0,0.0003328156201464389,0.0003328156201464389
351,bond:metal_metalloid_As_oxo,1.0,0.0012203239405369425,0.0012203239405369425
350,bond:metal_metalloid_As_organo,1.0,0.0011093854004881295,0.0011093854004881295
349,bond:metal_metalloid_As_halide,1.0,0.0,0.0
348,bond:metal_metalloid_As_generic,1.0,0.0014422010206345684,0.0014422010206345684
347,bond:metal_metalloid_alkylSiloxane,1.0,0.006878189483026403,0.006878189483026403
346,bond:metal_group_III_other_Th_oxo,1.0,0.0,0.0
345,bond:metal_group_III_other_Th_halide,1.0,0.0,0.0
344,bond:metal_group_III_other_Th_generic,1.0,0.0,0.0
343,bond:metal_group_III_other_Sn_sulfide(II),1.0,0.0,0.0
342,bond:metal_group_III_other_Sn_sulfide,1.0,0.0,0.0
341,bond:metal_group_III_other_Sn_oxy,1.0,0.0007765697803416907,0.0007765697803416907
340,bond:metal_group_III_other_Sn_oxo,1.0,0.0,0.0
339,bond:metal_group_III_other_Sn_organo,1.0,0.0021078322609274463,0.0021078322609274463
338,bond:metal_group_III_other_Sn_halide,1.0,0.0012203239405369425,0.0012203239405369425
337,bond:metal_group_III_other_Sn_generic,1.0,0.002329709341025072,0.002329709341025072
336,bond:metal_group_III_other_Pb_sulfide(II),1.0,0.0,0.0
367,bond:metal_metalloid_Sb_sulfide,1.0,0.00011093854004881296,0.00011093854004881296
366,bond:metal_metalloid_Sb_oxy,1.0,0.0,0.0
365,bond:metal_metalloid_Sb_oxo,1.0,0.0,0.0
364,bond:metal_metalloid_Sb_organo,1.0,0.00011093854004881296,0.00011093854004881296
363,bond:metal_metalloid_Sb_halide,1.0,0.00011093854004881296,0.00011093854004881296
362,bond:metal_metalloid_Sb_generic,1.0,0.0003328156201464389,0.0003328156201464389
361,bond:metal_metalloid_oxy,1.0,0.008875083203905036,0.008875083203905036
360,bond:metal_metalloid_oxo,1.0,0.0013312624805857556,0.0013312624805857556
359,bond:metal_metalloid_B_oxy,1.0,0.0005546927002440647,0.0005546927002440647
358,bond:metal_metalloid_B_oxo,1.0,0.0,0.0
357,bond:metal_metalloid_B_organo,1.0,0.00022187708009762592,0.00022187708009762592
356,bond:metal_metalloid_B_halide,1.0,0.002773463501220324,0.002773463501220324
355,bond:metal_metalloid_B_generic,1.0,0.0035500332815620148,0.0035500332815620148
354,bond:metal_metalloid_As_sulfide(II),1.0,0.0,0.0
353,bond:metal_metalloid_As_sulfide,1.0,0.0,0.0
352,bond:metal_metalloid_As_oxy,1.0,0.0011093854004881295,0.0011093854004881295
383,bond:metal_transition_Cd_generic,1.0,0.00011093854004881296,0.00011093854004881296
382,bond:metal_transition_Ag_oxy_oxo,1.0,0.0,0.0
381,bond:metal_metalloid_trimethylsilane,1.0,0.0009984468604393166,0.0009984468604393166
380,bond:metal_metalloid_Te_sulfide(II),1.0,0.0,0.0
379,bond:metal_metalloid_Te_sulfide,1.0,0.0,0.0
378,bond:metal_metalloid_Te_oxy,1.0,0.0,0.0
377,bond:metal_metalloid_Te_oxo,1.0,0.0,0.0
376,bond:metal_metalloid_Te_organo,1.0,0.0,0.0
375,bond:metal_metalloid_Te_halide,1.0,0.0,0.0
374,bond:metal_metalloid_Te_generic,1.0,0.0,0.0
373,bond:metal_metalloid_Si_oxy,1.0,0.007211005103172842,0.007211005103172842
372,bond:metal_metalloid_Si_oxo,1.0,0.00011093854004881296,0.00011093854004881296
371,bond:metal_metalloid_Si_organo,1.0,0.008320390503660971,0.008320390503660971
370,bond:metal_metalloid_Si_halide,1.0,0.0008875083203905037,0.0008875083203905037
369,bond:metal_metalloid_Si_generic,1.0,0.00898602174395385,0.00898602174395385
368,bond:metal_metalloid_Sb_sulfide(II),1.0,0.00011093854004881296,0.00011093854004881296
399,bond:metal_transition_Mn_oxy_oxo,1.0,0.0,0.0
398,bond:metal_transition_Mn_generic,1.0,0.0,0.0
397,bond:metal_transition_Hg_sulfide(II),1.0,0.0,0.0
396,bond:metal_transition_Hg_sulfide,1.0,0.00011093854004881296,0.00011093854004881296
395,bond:metal_transition_Hg_oxy,1.0,0.00044375416019525185,0.00044375416019525185
394,bond:metal_transition_Hg_oxo,1.0,0.0,0.0
393,bond:metal_transition_Hg_organo,1.0,0.0013312624805857556,0.0013312624805857556
392,bond:metal_transition_Hg_halide,1.0,0.0006656312402928778,0.0006656312402928778
391,bond:metal_transition_Hg_generic,1.0,0.0015531395606833815,0.0015531395606833815
390,bond:metal_transition_Fe_generic,1.0,0.0003328156201464389,0.0003328156201464389
389,bond:metal_transition_Cu_oxy_oxo,1.0,0.0,0.0
388,bond:metal_transition_Cu_generic,1.0,0.00011093854004881296,0.00011093854004881296
387,bond:metal_transition_Cr_oxy,1.0,0.00022187708009762592,0.00022187708009762592
386,bond:metal_transition_Cr_oxo,1.0,0.00022187708009762592,0.00022187708009762592
385,bond:metal_transition_Cr_generic,1.0,0.00022187708009762592,0.00022187708009762592
384,bond:metal_transition_Cd_halide,1.0,0.00011093854004881296,0.00011093854004881296
415,bond:metal_transition_V_oxo,1.0,0.00011093854004881296,0.00011093854004881296
414,bond:metal_transition_V_generic,1.0,0.00011093854004881296,0.00011093854004881296
413,bond:metal_transition_Tl_halide,1.0,0.0,0.0
412,bond:metal_transition_Ti_oxy,1.0,0.0,0.0
411,bond:metal_transition_Ti_oxo,1.0,0.0,0.0
410,bond:metal_transition_Ti_organo,1.0,0.0,0.0
409,bond:metal_transition_Ti_generic,1.0,0.0,0.0
408,bond:metal_transition_Pt_oxy,1.0,0.0,0.0
407,bond:metal_transition_Pt_organo,1.0,0.0,0.0
406,bond:metal_transition_Pt_nitrogen,1.0,0.0,0.0
405,bond:metal_transition_Pt_halide,1.0,0.0003328156201464389,0.0003328156201464389
404,bond:metal_transition_Pt_generic,1.0,0.0003328156201464389,0.0003328156201464389
403,bond:metal_transition_oxy,1.0,0.0007765697803416907,0.0007765697803416907
402,bond:metal_transition_oxo,1.0,0.0005546927002440647,0.0005546927002440647
401,bond:metal_transition_Mo_sulfide,1.0,0.0,0.0
400,bond:metal_transition_Mo_oxy_oxo,1.0,0.00011093854004881296,0.00011093854004881296
221,bond:NN_hydrazine_alkyl_HH,1.0,0.0003328156201464389,0.0003328156201464389
220,bond:NN_hydrazine_alkyl_H2,1.0,0.00022187708009762592,0.00022187708009762592
219,bond:NN_hydrazine_alkyl_H,1.0,0.0003328156201464389,0.0003328156201464389
213,bond:N=O_N-nitroso,1.0,0.0034390947415132017,0.0034390947415132017
212,bond:N=O_N-nitroso_generic,1.0,0.0034390947415132017,0.0034390947415132017
211,bond:N=O_N-nitroso_dialkyl,1.0,0.0018859551808298202,0.0018859551808298202
210,bond:N=O_N-nitroso_alkyl_mono,1.0,0.0,0.0
209,bond:N=O_nitrite_neutral,1.0,0.0008875083203905037,0.0008875083203905037
208,bond:N=N_azo_oxy,1.0,0.00044375416019525185,0.00044375416019525185
430,chain:alkaneBranch_isodecyl_octyl_1_2-methyl,1.0,0.00011093854004881296,0.00011093854004881296
429,chain:alkaneBranch_isononyl_pentyl_1_1_1_3-metyl,1.0,0.0007765697803416907,0.0007765697803416907
427,chain:alkaneBranch_isooctyl_hexyl_2-methyl,1.0,0.002440647881073885,0.002440647881073885
426,chain:alkaneBranch_isooctyl_hexyl_2-ethyl,1.0,0.007654759263368094,0.007654759263368094
425,chain:alkaneBranch_isooctyl_heptyl_3-methyl,1.0,0.0017750166407810074,0.0017750166407810074
423,chain:alkaneBranch_neopentyl_C5,1.0,0.09729309962280897,0.09729309962280897
422,chain:alkaneBranch_t-butyl_C4,1.0,0.02884402041269137,0.02884402041269137
420,bond:metal_transition_Zn_phosphide,1.0,0.0,0.0
419,bond:metal_transition_Zn_generic,1.0,0.00011093854004881296,0.00011093854004881296
418,bond:metal_transition_W_oxo,1.0,0.0,0.0
417,bond:metal_transition_W_generic,1.0,0.0,0.0
416,bond:metal_transition_V_oxy,1.0,0.00011093854004881296,0.00011093854004881296
447,chain:alkeneBranch_diene_2_6-octadiene,1.0,0.0036609718216108274,0.0036609718216108274
446,chain:alkaneLinear_stearyl_C18,1.0,0.002662524961171511,0.002662524961171511
445,chain:alkaneLinear_hexadecyl_C16,1.0,0.007432882183270468,0.007432882183270468
444,chain:alkaneLinear_tetradecyl_C14,1.0,0.011537608165076547,0.011537608165076547
443,chain:alkaneLinear_dodedyl_C12,1.0,0.021189261149323273,0.021189261149323273
442,chain:alkaneLinear_decyl_C10,1.0,0.028178389172398493,0.028178389172398493
441,chain:alkaneLinear_octyl_C8,1.0,0.04526292433991569,0.04526292433991569
440,chain:alkaneLinear_hexyl_C6,1.0,0.06523186154870202,0.06523186154870202
439,chain:alkaneLinear_butyl_C4,1.0,0.13656534280008875,0.13656534280008875
438,chain:alkaneLinear_propyl_C3,1.0,0.24406478810738852,0.24406478810738852
437,chain:alkaneLinear_ethyl_C2_(connect_noZ_CN=4),1.0,0.28777457288662084,0.28777457288662084
432,chain:alkaneCyclic_propyl_C3,1.0,0.010982915464832483,0.010982915464832483
207,bond:N=N_azo_generic,1.0,0.007321943643221655,0.007321943643221655
206,bond:N=N_azo_cyanamide,1.0,0.0,0.0
205,bond:N=N_azo_aromatic,1.0,0.006545373862879965,0.006545373862879965
203,bond:N=C=O_isocyanate_thio,1.0,0.0011093854004881295,0.0011093854004881295
202,bond:N=C=O_isocyanate_generic,1.0,0.002329709341025072,0.002329709341025072
201,bond:N=C=O_isocyanate_[O_S],1.0,0.0034390947415132017,0.0034390947415132017
197,bond:N(=O)_nitro_N,1.0,0.0008875083203905037,0.0008875083203905037
196,bond:N(=O)_nitro_C,1.0,0.038384734856889285,0.038384734856889285
195,bond:N(=O)_nitro_aromatic,1.0,0.035389394275571334,0.035389394275571334
194,bond:N(=O)_nitro_ab-unsaturated,1.0,0.0006656312402928778,0.0006656312402928778
193,bond:N(=O)_nitro_ab-acetylenic,1.0,0.0,0.0
192,bond:N(=O)_nitrate_generic,1.0,0.00299534058131795,0.00299534058131795
462,chain:alkeneLinear_mono-ene_2-hexene,1.0,0.0179720434879077,0.0179720434879077
460,chain:alkeneLinear_diene_1_4-diene,1.0,0.0021078322609274463,0.0021078322609274463
459,chain:alkeneLinear_diene_1_3-butene,1.0,0.005879742622587086,0.005879742622587086
458,chain:alkeneLinear_diene_1_2-butene,1.0,0.036165964055913026,0.036165964055913026
450,chain:alkeneBranch_mono-ene_2-butene_2-propyl_(tiglate),1.0,0.004215664521854893,0.004215664521854893
449,chain:alkeneBranch_mono-ene_2-butene,1.0,0.025737741291324605,0.025737741291324605
448,chain:alkeneBranch_diene_2_7-octadiene_(linalyl),1.0,0.0016640781007321943,0.0016640781007321943
479,chain:aromaticAlkane_Ph-C2,1.0,0.029398713112935435,0.029398713112935435
478,chain:aromaticAlkane_Ph-C1-Ph,1.0,0.030508098513423565,0.030508098513423565
477,chain:aromaticAlkane_Ph-1_4-C1_acyclic,1.0,0.012979809185711117,0.012979809185711117
472,chain:aromaticAlkane_Ar-C_ortho,1.0,0.009318837364100288,0.009318837364100288
471,chain:aromaticAlkane_Ar-C_meta,1.0,0.023408031950299533,0.023408031950299533
470,chain:alkyne_ethyne_generic,1.0,0.00787663634346572,0.00787663634346572
468,chain:alkeneLinear_mono-ene_vinyl,1.0,0.002329709341025072,0.002329709341025072
467,chain:alkeneLinear_mono-ene_oleic_(C18),1.0,0.0003328156201464389,0.0003328156201464389
466,chain:alkeneLinear_mono-ene_ethylene_generic,1.0,0.10383847348568893,0.10383847348568893
464,chain:alkeneLinear_mono-ene_ehtylene_terminal,1.0,0.02895495895274018,0.02895495895274018
492,chain:aromaticAlkene_Ph-C4_phenylbutadiene,1.0,0.0003328156201464389,0.0003328156201464389
491,chain:aromaticAlkene_Ph-C4_isocrotylbenzene,1.0,0.0009984468604393166,0.0009984468604393166
490,chain:aromaticAlkene_Ph-C3,1.0,0.002662524961171511,0.002662524961171511
489,chain:aromaticAlkene_Ph-C2,1.0,0.01874861326824939,0.01874861326824939
488,chain:aromaticAlkene_Ph-C2_styrene,1.0,0.0119813623252718,0.0119813623252718
487,chain:aromaticAlkene_Ph-C2_acyclic_generic,1.0,0.02218770800976259,0.02218770800976259
485,chain:aromaticAlkane_Ph-C12,1.0,0.0006656312402928778,0.0006656312402928778
484,chain:aromaticAlkane_Ph-C10,1.0,0.0008875083203905037,0.0008875083203905037
483,chain:aromaticAlkane_Ph-C9_nonylphenyl,1.0,0.0009984468604393166,0.0009984468604393166
482,chain:aromaticAlkane_Ph-C8,1.0,0.0013312624805857556,0.0013312624805857556
481,chain:aromaticAlkane_Ph-C6,1.0,0.0021078322609274463,0.0021078322609274463
480,chain:aromaticAlkane_Ph-C4,1.0,0.004104725981806079,0.004104725981806079
191,bond:CX_halide_generic-X_dihalo_(1_2-),1.0,0.05103172842245396,0.05103172842245396
190,bond:CX_halide_aromatic-X_trihalo_benzene_(1_3_5-),1.0,0.006212558242733526,0.006212558242733526
189,bond:CX_halide_aromatic-X_trihalo_benzene_(1_2_3-),1.0,0.004437541601952518,0.004437541601952518
187,bond:CX_halide_aromatic-X_halo_phenol_ortho,1.0,0.02107832260927446,0.02107832260927446
185,bond:CX_halide_aromatic-X_halo_phenol,1.0,0.0005546927002440647,0.0005546927002440647
183,bond:CX_halide_aromatic-X_ether_aromatic_(Ph-O-Ph)_generic,1.0,0.004659418682050144,0.004659418682050144
181,bond:CX_halide_aromatic-X_dihalo_benzene_(1_4-),1.0,0.010428222764588418,0.010428222764588418
180,bond:CX_halide_aromatic-X_dihalo_benzene_(1_3-),1.0,0.03960505879742623,0.03960505879742623
179,bond:CX_halide_aromatic-X_dihalo_benzene_(1_2-),1.0,0.01575327268693144,0.01575327268693144
178,bond:CX_halide_aromatic-X_biphenyl,1.0,0.0014422010206345684,0.0014422010206345684
177,bond:CX_halide_aromatic-Cl_trihalo_benzene_(1_2_4-),1.0,0.008098513423563346,0.008098513423563346
176,bond:CX_halide_aromatic-Cl_dichloro_pyridine_(1_5-),1.0,0.00044375416019525185,0.00044375416019525185
174,bond:CX_halide_aromatic-Cl_dichloro_pyridine_(1_3-),1.0,0.00044375416019525185,0.00044375416019525185
172,bond:CX_halide_allyl-X_acyclic,1.0,0.0016640781007321943,0.0016640781007321943
171,bond:CX_halide_allyl-Cl_acyclic,1.0,0.0012203239405369425,0.0012203239405369425
170,bond:CX_halide_alkyl-X_trihalo_(1_2_3-),1.0,0.022631462169957844,0.022631462169957844
169,bond:CX_halide_alkyl-X_trihalo_(1_1_2-),1.0,0.024073663190592412,0.024073663190592412
168,bond:CX_halide_alkyl-X_trihalo_(1_1_1-),1.0,0.051142666962502775,0.051142666962502775
167,bond:CX_halide_alkyl-X_tetrahalo_(1_1_2_2-),1.0,0.022631462169957844,0.022631462169957844
166,bond:CX_halide_alkyl-X_tertiary,1.0,0.009540714444197915,0.009540714444197915
165,bond:CX_halide_alkyl-X_secondary,1.0,0.009207898824051475,0.009207898824051475
164,bond:CX_halide_alkyl-X_primary,1.0,0.025737741291324605,0.025737741291324605
163,bond:CX_halide_alkyl-X_generic,1.0,0.10095407144441979,0.10095407144441979
162,bond:CX_halide_alkyl-X_ethyl_generic,1.0,0.025737741291324605,0.025737741291324605
161,bond:CX_halide_alkyl-X_ethyl,1.0,0.016418903927224317,0.016418903927224317
527,group:aminoAcid_leucine,1.0,0.002662524961171511,0.002662524961171511
526,group:aminoAcid_isoleucine,1.0,0.0009984468604393166,0.0009984468604393166
525,group:aminoAcid_histidine,1.0,0.0015531395606833815,0.0015531395606833815
524,group:aminoAcid_glycine,1.0,0.004659418682050144,0.004659418682050144
523,group:aminoAcid_glutamine,1.0,0.0015531395606833815,0.0015531395606833815
522,group:aminoAcid_glutamic_acid,1.0,0.002551586421122698,0.002551586421122698
520,group:aminoAcid_aspartic_acid,1.0,0.0017750166407810074,0.0017750166407810074
519,group:aminoAcid_asparagine,1.0,0.0019968937208786333,0.0019968937208786333
518,group:aminoAcid_arginine,1.0,0.00022187708009762592,0.00022187708009762592
517,group:aminoAcid_alanine,1.0,0.0033281562014643887,0.0033281562014643887
516,group:aminoAcid_aminoAcid_generic,1.0,0.04970046594186821,0.04970046594186821
515,chain:oxy-alkaneLinear_sulfuricEster_AEOS,1.0,0.0,0.0
514,chain:oxy-alkaneLinear_carboxylicEster_AEOC,1.0,0.0,0.0
543,group:carbohydrate_hexopyranose_generic,1.0,0.018082982027956513,0.018082982027956513
542,group:carbohydrate_hexopyranose_fructose,1.0,0.01309074772575993,0.01309074772575993
541,group:carbohydrate_hexopyranose_2-deoxy,1.0,0.0,0.0
540,group:carbohydrate_hexofuranose,1.0,0.00044375416019525185,0.00044375416019525185
539,group:carbohydrate_hexofuranose_hexulose,1.0,0.0008875083203905037,0.0008875083203905037
538,group:carbohydrate_aldopentose,1.0,0.022964277790104282,0.022964277790104282
537,group:carbohydrate_aldohexose,1.0,0.013645440426003994,0.013645440426003994
536,group:aminoAcid_valine,1.0,0.0015531395606833815,0.0015531395606833815
535,group:aminoAcid_tyrosine,1.0,0.0037719103616596404,0.0037719103616596404
534,group:aminoAcid_tryptophan,1.0,0.0018859551808298202,0.0018859551808298202
533,group:aminoAcid_threonine,1.0,0.0014422010206345684,0.0014422010206345684
532,group:aminoAcid_serine,1.0,0.0019968937208786333,0.0019968937208786333
530,group:aminoAcid_phenylalanine,1.0,0.002884402041269137,0.002884402041269137
529,group:aminoAcid_methionine,1.0,0.0008875083203905037,0.0008875083203905037
528,group:aminoAcid_lysine,1.0,0.0015531395606833815,0.0015531395606833815
559,group:ligand_path_4_polydentate,1.0,0.0008875083203905037,0.0008875083203905037
558,group:ligand_path_4_macrocycle_triethylenetriamine,1.0,0.0,0.0
557,group:ligand_path_4_macrocycle_tetrazacyclododecane,1.0,0.00011093854004881296,0.00011093854004881296
556,group:ligand_path_4_bidentate_ethylenediamine,1.0,0.011870423785222987,0.011870423785222987
553,group:ligand_path_4_bidentate_aminoacetate,1.0,0.022520523629909032,0.022520523629909032
552,group:ligand_path_4_bidentate_aminoacetaldehyde,1.0,0.03383625471488795,0.03383625471488795
551,group:carbohydrate_pentopyranose,1.0,0.012536055025515865,0.012536055025515865
550,group:carbohydrate_pentofuranose,1.0,0.0059906811626359,0.0059906811626359
549,group:carbohydrate_pentofuranose_2-deoxy,1.0,0.0012203239405369425,0.0012203239405369425
548,group:carbohydrate_ketopentose,1.0,0.0009984468604393166,0.0009984468604393166
547,group:carbohydrate_ketohexose,1.0,0.022520523629909032,0.022520523629909032
546,group:carbohydrate_inositol,1.0,0.0006656312402928778,0.0006656312402928778
545,group:carbohydrate_hexopyranose_maltose,1.0,0.0003328156201464389,0.0003328156201464389
544,group:carbohydrate_hexopyranose_glucose,1.0,0.009318837364100288,0.009318837364100288
575,group:ligand_path_5_tridentate_3-hydroxycadaverine,1.0,0.007211005103172842,0.007211005103172842
574,group:ligand_path_5_tridentate,1.0,0.00011093854004881296,0.00011093854004881296
571,group:ligand_path_5_bidentate_propandiamine,1.0,0.012536055025515865,0.012536055025515865
570,group:ligand_path_5_bidentate_malonate,1.0,0.0008875083203905037,0.0008875083203905037
568,group:ligand_path_5_bidentate_bipyrrolidilmethyl,1.0,0.0008875083203905037,0.0008875083203905037
567,group:ligand_path_5_bidentate_bipyridylmethyl,1.0,0.0,0.0
566,group:ligand_path_5_bidentate_aminopropanal,1.0,0.006767250942977591,0.006767250942977591
565,group:ligand_path_5_bidentate_ACAC,1.0,0.0016640781007321943,0.0016640781007321943
564,group:ligand_path_4-5_tridentate,1.0,0.00044375416019525185,0.00044375416019525185
563,group:ligand_path_4-5_macrocycle_tetrazacyclotetradecane,1.0,0.0,0.0
562,group:ligand_path_4_tridentate,1.0,0.0007765697803416907,0.0007765697803416907
561,group:ligand_path_4_polydentate_NTA,1.0,0.00011093854004881296,0.00011093854004881296
560,group:ligand_path_4_polydentate_EDTA,1.0,0.0003328156201464389,0.0003328156201464389
159,bond:CX_halide_alkyl-X_dihalo_(1_2-),1.0,0.0299534058131795,0.0299534058131795
158,bond:CX_halide_alkyl-X_dihalo_(1_1-),1.0,0.06600843132904372,0.06600843132904372
157,bond:CX_halide_alkyl-X_bicyclo[2_2_1]heptene,1.0,0.0021078322609274463,0.0021078322609274463
156,bond:CX_halide_alkyl-X_bicyclo[2_2_1]heptane,1.0,0.0003328156201464389,0.0003328156201464389
155,bond:CX_halide_alkyl-X_benzyl_generic,1.0,0.002551586421122698,0.002551586421122698
154,bond:CX_halide_alkyl-X_benzyl_alkane,1.0,0.01619702684712669,0.01619702684712669
151,bond:CX_halide_alkyl-F_trifluoro_(1_1_1-),1.0,0.04348790769913468,0.04348790769913468
150,bond:CX_halide_alkyl-F_tetrafluoro_(1_1_1_2-),1.0,0.016640781007321942,0.016640781007321942
149,bond:CX_halide_alkyl-F_perfluoro_octyl,1.0,0.004104725981806079,0.004104725981806079
148,bond:CX_halide_alkyl-F_perfluoro_hexyl,1.0,0.009540714444197915,0.009540714444197915
147,bond:CX_halide_alkyl-F_perfluoro_ethyl,1.0,0.021189261149323273,0.021189261149323273
146,bond:CX_halide_alkyl-F_perfluoro_butyl,1.0,0.01386731750610162,0.01386731750610162
145,bond:CX_halide_alkyl-Cl_trichloro_(1_1_1-),1.0,0.005657865542489461,0.005657865542489461
144,bond:CX_halide_alkyl-Cl_ethyl,1.0,0.010982915464832483,0.010982915464832483
143,bond:CX_halide_alkyl-Cl_dichloro_(1_1-),1.0,0.013645440426003994,0.013645440426003994
142,bond:CX_halide_alkenyl-X_trihalo_(1_1_2-),1.0,0.0011093854004881295,0.0011093854004881295
139,bond:CX_halide_alkenyl-X_dihalo_(1_1-),1.0,0.003106279121366763,0.003106279121366763
138,bond:CX_halide_alkenyl-X_acyclic_generic,1.0,0.0071000665631240295,0.0071000665631240295
137,bond:CX_halide_alkenyl-X_acyclic,1.0,0.0019968937208786333,0.0019968937208786333
136,bond:CX_halide_alkenyl-Cl_dichloro_(1_1-),1.0,0.002440647881073885,0.002440647881073885
135,bond:CX_halide_alkenyl-Cl_acyclic,1.0,0.0017750166407810074,0.0017750166407810074
131,bond:COH_alcohol_ter-alkyl,1.0,0.03860661193698691,0.03860661193698691
130,bond:COH_alcohol_sec-alkyl,1.0,0.09818060794319947,0.09818060794319947
587,ring:aromatic_phenyl,1.0,0.13334812513867317,0.13334812513867317
580,group:nucleobase_guanine_7-methyl,1.0,0.0,0.0
577,group:nucleobase_adenine,1.0,0.0033281562014643887,0.0033281562014643887
576,group:ligand_path_5-7_bidentate,1.0,0.010206345684490793,0.010206345684490793
607,ring:hetero_[4]_O_oxetane,1.0,0.0007765697803416907,0.0007765697803416907
606,ring:hetero_[4]_N_beta_lactam,1.0,0.011204792544930108,0.011204792544930108
605,ring:hetero_[4]_N_azetidine,1.0,0.011426669625027735,0.011426669625027735
604,ring:hetero_[3]_Z_generic,1.0,0.010650099844686045,0.010650099844686045
603,ring:hetero_[3]_O_epoxide,1.0,0.0094297759041491,0.0094297759041491
602,ring:hetero_[3]_N_aziridine,1.0,0.0009984468604393166,0.0009984468604393166
601,ring:fused_steroid_generic_[5_6_6_6],1.0,0.02662524961171511,0.02662524961171511
597,ring:fused_PAH_benzophenanthrene,1.0,0.0003328156201464389,0.0003328156201464389
596,ring:fused_PAH_benz(a)anthracene,1.0,0.0007765697803416907,0.0007765697803416907
594,ring:fused_PAH_anthanthrene,1.0,0.0,0.0
127,bond:COH_alcohol_diol_(1_3-),1.0,0.030619037053472378,0.030619037053472378
126,bond:COH_alcohol_diol_(1_2-),1.0,0.030286221433325936,0.030286221433325936
125,bond:COH_alcohol_diol_(1_1-),1.0,0.00044375416019525185,0.00044375416019525185
123,bond:COH_alcohol_aromatic_phenol,1.0,0.0881961393388063,0.0881961393388063
119,bond:COH_alcohol_alkene_acyclic,1.0,0.00022187708009762592,0.00022187708009762592
113,bond:COC_ether_aliphatic,1.0,0.09873530064344353,0.09873530064344353
112,bond:CNO_amineOxide_generic,1.0,0.0007765697803416907,0.0007765697803416907
111,bond:CNO_amineOxide_dimethyl_alkyl,1.0,0.00022187708009762592,0.00022187708009762592
99,bond:CN_amine_pri-NH2_alkyl,1.0,0.04171289105835367,0.04171289105835367
98,bond:CN_amine_aromatic_N-hydroxy,1.0,0.00022187708009762592,0.00022187708009762592
96,bond:CN_amine_aromatic_benzidine,1.0,0.0015531395606833815,0.0015531395606833815
95,bond:CN_amine_alkyl_methanolamine,1.0,0.0011093854004881295,0.0011093854004881295
87,bond:CC(=O)C_ketone_methyl_aliphatic,1.0,0.01053916130463723,0.01053916130463723
623,ring:hetero_[5]_O_dioxolane_(1_3-),1.0,0.011093854004881295,0.011093854004881295
617,ring:hetero_[5]_N_triazole_(1_3_4-),1.0,0.008431329043709785,0.008431329043709785
615,ring:hetero_[5]_N_triazole_(1_2_3-),1.0,0.0016640781007321943,0.0016640781007321943
613,ring:hetero_[5]_N_pyrrolidone_(2-),1.0,0.010982915464832483,0.010982915464832483
612,ring:hetero_[5]_N_pyrrole_generic,1.0,0.053805191923674285,0.053805191923674285
608,ring:hetero_[4]_Z_generic,1.0,0.012203239405369425,0.012203239405369425
78,bond:CC(=O)C_ketone_alkane_cyclic_(C6),1.0,0.009207898824051475,0.009207898824051475
77,bond:CC(=O)C_ketone_alkane_cyclic_(C5),1.0,0.004437541601952518,0.004437541601952518
76,bond:CC(=O)C_ketone_alkane_cyclic_(C4),1.0,0.00011093854004881296,0.00011093854004881296
72,bond:C=S_carbonyl_thio_generic,1.0,0.012314177945418238,0.012314177945418238
71,bond:C=S_acyl_thio_halide,1.0,0.0,0.0
69,bond:C=O_carbonyl_azido,1.0,0.0,0.0
66,bond:C=O_carbonyl_ab-acetylenic,1.0,0.00022187708009762592,0.00022187708009762592
639,ring:hetero_[5_6]_N_indole,1.0,0.017084535167517196,0.017084535167517196
636,ring:hetero_[5_5_6]_O_aflatoxin_generic,1.0,0.0,0.0
634,ring:hetero_[5_5]_N_pyrrolizidine,1.0,0.00011093854004881296,0.00011093854004881296
633,ring:hetero_[5]_Z_1-Z,1.0,0.1036165964055913,0.1036165964055913
632,ring:hetero_[5]_Z_1_3-Z,1.0,0.0864211226980253,0.0864211226980253
631,ring:hetero_[5]_Z_1_2-Z,1.0,0.01775016640781007,0.01775016640781007
630,ring:hetero_[5]_Z_1_2_4_1_3_4-Z,1.0,0.011759485245174173,0.011759485245174173
629,ring:hetero_[5]_Z_1_2_3-Z,1.0,0.003106279121366763,0.003106279121366763
628,ring:hetero_[5]_Z_1_2_3_4-Z,1.0,0.004437541601952518,0.004437541601952518
627,ring:hetero_[5]_S_thiophene,1.0,0.01053916130463723,0.01053916130463723
626,ring:hetero_[5]_O_oxolane,1.0,0.040714444197914354,0.040714444197914354
625,ring:hetero_[5]_O_furan_a-nitro,1.0,0.0015531395606833815,0.0015531395606833815
655,ring:hetero_[6]_N_pyridine_generic,1.0,0.11848236077213224,0.11848236077213224
649,ring:hetero_[6]_N_diazine_(1_3-)_generic,1.0,0.038939427557133345,0.038939427557133345
648,ring:hetero_[6]_N_diazine_(1_2-)_generic,1.0,0.004437541601952518,0.004437541601952518
645,ring:hetero_[5_6]_O_benzofuran,1.0,0.002329709341025072,0.002329709341025072
644,ring:hetero_[5_6]_O_benzodioxole_(1_3-),1.0,0.006212558242733526,0.006212558242733526
641,ring:hetero_[5_6]_N_isoindole_1-one,1.0,0.002773463501220324,0.002773463501220324
640,ring:hetero_[5_6]_N_isoindole_1_3-dione,1.0,0.0018859551808298202,0.0018859551808298202
63,bond:C=O_aldehyde_aromatic,1.0,0.0061016197026847125,0.0061016197026847125
62,bond:C=O_aldehyde_alkyl,1.0,0.007432882183270468,0.007432882183270468
61,bond:C=O_acyl_hydrazide,1.0,0.0061016197026847125,0.0061016197026847125
60,bond:C=O_acyl_halide,1.0,0.004104725981806079,0.004104725981806079
54,bond:C=N_carbodiimide,1.0,0.0006656312402928778,0.0006656312402928778
53,bond:C(=O)O_carboxylicEster_thio,1.0,0.0007765697803416907,0.0007765697803416907
52,bond:C(=O)O_carboxylicEster_O-pentafluorophenoxy,1.0,0.0,0.0
51,bond:C(=O)O_carboxylicEster_N-hydroxytriazole_(aromatic),1.0,0.0,0.0
50,bond:C(=O)O_carboxylicEster_cyclic_b-propiolactone,1.0,0.0003328156201464389,0.0003328156201464389
48,bond:C(=O)O_carboxylicEster_alkyl,1.0,0.09707122254271133,0.09707122254271133
671,ring:hetero_[6]_Z_1_2_3_4-,1.0,0.0,0.0
670,ring:hetero_[6]_Z_1_2_3-,1.0,0.0007765697803416907,0.0007765697803416907
669,ring:hetero_[6]_Z_1_2-,1.0,0.005546927002440648,0.005546927002440648
668,ring:hetero_[6]_Z_1-,1.0,0.15364987796760596,0.15364987796760596
667,ring:hetero_[6]_O_pyran_generic,1.0,0.03660971821610828,0.03660971821610828
666,ring:hetero_[6]_O_dioxane_(1_4-)_generic,1.0,0.002329709341025072,0.002329709341025072
665,ring:hetero_[6]_N_O_1_4-oxazine_morpholine,1.0,0.00976259152429554,0.00976259152429554
664,ring:hetero_[6]_N_O_1_4-oxazine_generic,1.0,0.01087197692478367,0.01087197692478367
659,ring:hetero_[6]_N_tetrazine_generic,1.0,0.00022187708009762592,0.00022187708009762592
658,ring:hetero_[6]_N_tetrazine_(1_2_3_4-),1.0,0.0,0.0
46,bond:C(=O)O_carboxylicEster_aliphatic,1.0,0.06390059906811627,0.06390059906811627
45,bond:C(=O)O_carboxylicEster_acyclic,1.0,0.07632571555358332,0.07632571555358332
44,bond:C(=O)O_carboxylicEster_4-nitrophenol,1.0,0.0003328156201464389,0.0003328156201464389
43,bond:C(=O)O_carboxylicAcid_generic,1.0,0.1386731750610162,0.1386731750610162
41,bond:C(=O)O_carboxylicAcid_alkyl,1.0,0.08686487685822054,0.08686487685822054
38,bond:C(=O)N_dicarboxamide_N-hydroxy,1.0,0.0,0.0
33,bond:C(=O)N_carboxamide_(NH2),1.0,0.01575327268693144,0.01575327268693144
687,ring:hetero_[6_6]_O_benzodioxin_(1_4-),1.0,0.0016640781007321943,0.0016640781007321943
683,ring:hetero_[6_6]_N_pteridine_generic,1.0,0.00044375416019525185,0.00044375416019525185
681,ring:hetero_[6_6]_N_isoquinoline,1.0,0.0015531395606833815,0.0015531395606833815
680,ring:hetero_[6_5_6]_O_benzofuran_dibenzo,1.0,0.00022187708009762592,0.00022187708009762592
679,ring:hetero_[6_5_6]_N_carbazole,1.0,0.0011093854004881295,0.0011093854004881295
676,ring:hetero_[6]_Z_1_3_5-,1.0,0.008431329043709785,0.008431329043709785
675,ring:hetero_[6]_Z_1_3-,1.0,0.04714887952074551,0.04714887952074551
674,ring:hetero_[6]_Z_1_2_4_5-,1.0,0.00011093854004881296,0.00011093854004881296
673,ring:hetero_[6]_Z_1_2_4-,1.0,0.004215664521854893,0.004215664521854893
672,ring:hetero_[6]_Z_1_2_3_5-,1.0,0.00011093854004881296,0.00011093854004881296
703,ring:hetero_[7]_N_diazepine_(1_4-),1.0,0.005657865542489461,0.005657865542489461
702,ring:hetero_[7]_N_azepine_generic,1.0,0.007987574883514533,0.007987574883514533
701,ring:hetero_[7]_generic_1-Z,1.0,0.0119813623252718,0.0119813623252718
700,ring:hetero_[7]_generic_1_4-Z,1.0,0.01164854670512536,0.01164854670512536
699,ring:hetero_[7]_generic_1_3-Z,1.0,0.00011093854004881296,0.00011093854004881296
698,ring:hetero_[7]_generic_1_2-Z,1.0,0.0008875083203905037,0.0008875083203905037
697,ring:hetero_[6_7]_N_benzodiazepine_(1_4-),1.0,0.0036609718216108274,0.0036609718216108274
694,ring:hetero_[6_6_6]_N_S_phenothiazine,1.0,0.004992234302196583,0.004992234302196583
693,ring:hetero_[6_6_6]_N_pteridine_flavin_generic,1.0,0.0003328156201464389,0.0003328156201464389
30,bond:C(=O)N_carbamate_thio,1.0,0.0,0.0
28,bond:C(~Z)~C~Q_haloether_pyrimidine_2-halo-,1.0,0.0005546927002440647,0.0005546927002440647
27,bond:C(~Z)~C~Q_haloether_dibenzodioxin_tetrachloro_(2_3_7_8-),1.0,0.00022187708009762592,0.00022187708009762592
26,bond:C(~Z)~C~Q_haloether_dibenzodioxin_dichloro_(2_7-),1.0,0.00022187708009762592,0.00022187708009762592
25,bond:C(~Z)~C~Q_haloether_dibenzodioxin_2-halo,1.0,0.00022187708009762592,0.00022187708009762592
24,bond:C(~Z)~C~Q_haloether_dibenzodioxin_1-halo,1.0,0.00011093854004881296,0.00011093854004881296
23,bond:C(~Z)~C~Q_halocarbonyl_dichloro_quinone_(1_5-),1.0,0.00011093854004881296,0.00011093854004881296
22,bond:C(~Z)~C~Q_halocarbonyl_dichloro_quinone_(1_4-),1.0,0.00011093854004881296,0.00011093854004881296
21,bond:C(~Z)~C~Q_halocarbonyl_dichloro_quinone_(1_2-),1.0,0.0003328156201464389,0.0003328156201464389
19,bond:C(~Z)~C~Q_b-halocarbonyl,1.0,0.0007765697803416907,0.0007765697803416907
18,bond:C(~Z)~C~Q_a-haloketone_perhalo,1.0,0.0006656312402928778,0.0006656312402928778
17,bond:C(~Z)~C~Q_a-haloether,1.0,0.006545373862879965,0.006545373862879965
721,ring:polycycle_spiro_[2.5]octane,1.0,0.00022187708009762592,0.00022187708009762592
722,ring:polycycle_spiro_[4.5]decane,1.0,0.0003328156201464389,0.0003328156201464389
723,ring:polycycle_spiro_1_4-dioxaspiro[4.5]decane,1.0,0.00022187708009762592,0.00022187708009762592
724,ring:polycycle_tricyclo_[3.5.5]_cyclopropa[cd]pentalene,1.0,0.0,0.0
725,ring:polycycle_tricyclo_[3.7.7]bullvalene,1.0,0.0,0.0
726,ring:polycycle_tricyclo_[3.7.7]semibullvalene,1.0,0.0,0.0
727,ring:polycycle_tricyclo_adamantane,1.0,0.0007765697803416907,0.0007765697803416907
728,ring:polycycle_tricyclo_benzvalene,1.0,0.0,0.0
0,atom:element_main_group,1.0,0.0003328156201464389,0.0003328156201464389
